Data;Godzina;Zapotrzebowanie;Wiatr;PV;Rezerwa;Data_godzina;RCE
2023-09-24;1;12970;2871;0;1208;2023-09-24 01:00:00;460,05
2023-09-24;2;12218;2798;0;1137;2023-09-24 02:00:00;433,49
2023-09-24;3;11526;2626;0;1107;2023-09-24 03:00:00;437,57
2023-09-24;4;11379;2312;0;1118;2023-09-24 04:00:00;457,8
2023-09-24;5;11421;2246;0;1118;2023-09-24 05:00:00;460,94
2023-09-24;6;11411;1832;0;1088;2023-09-24 06:00:00;436,82
2023-09-24;7;11628;1711;18;1102;2023-09-24 07:00:00;442,35
2023-09-24;8;12155;1532;812;1184;2023-09-24 08:00:00;452,12
2023-09-24;9;12498;1147;2168;1297;2023-09-24 09:00:00;439,03
2023-09-24;10;12597;513;3636;1421;2023-09-24 10:00:00;435,53
2023-09-24;11;12297;171;4702;1483;2023-09-24 11:00:00;441,67
2023-09-24;12;11436;414;5840;1454;2023-09-24 12:00:00;385,51
2023-09-24;13;11876;716;5730;1486;2023-09-24 13:00:00;386,63
2023-09-24;14;12366;640;5322;1516;2023-09-24 14:00:00;423,47
2023-09-24;15;11796;581;5627;1476;2023-09-24 15:00:00;455,43
2023-09-24;16;11561;518;4855;1400;2023-09-24 16:00:00;490,97
2023-09-24;17;12313;373;3501;1366;2023-09-24 17:00:00;498,58
2023-09-24;18;13671;284;1695;1377;2023-09-24 18:00:00;536,12
2023-09-24;19;15081;221;168;1369;2023-09-24 19:00:00;629,02
2023-09-24;20;15817;316;0;1457;2023-09-24 20:00:00;686,35
2023-09-24;21;15525;519;0;1343;2023-09-24 21:00:00;640,79
2023-09-24;22;14597;672;0;1265;2023-09-24 22:00:00;539,09
2023-09-24;23;13736;1097;0;1195;2023-09-24 23:00:00;480,52
2023-09-24;24;12777;1618;0;1143;2023-09-25 00:00:00;475,06
2023-09-25;1;12539;1891;0;1273;2023-09-25 01:00:00;474,04
2023-09-25;2;12224;1904;0;1247;2023-09-25 02:00:00;459,19
2023-09-25;3;12098;1973;0;1233;2023-09-25 03:00:00;454,67
2023-09-25;4;12114;2411;0;1232;2023-09-25 04:00:00;453,79
2023-09-25;5;12569;2826;0;1283;2023-09-25 05:00:00;459,45
2023-09-25;6;13617;3296;0;1330;2023-09-25 06:00:00;481,78
2023-09-25;7;15819;3292;47;1525;2023-09-25 07:00:00;584,55
2023-09-25;8;17175;2961;1074;1652;2023-09-25 08:00:00;677,29
2023-09-25;9;17491;2044;2530;1788;2023-09-25 09:00:00;671,94
2023-09-25;10;16615;729;4581;1830;2023-09-25 10:00:00;574,22
2023-09-25;11;15353;640;6244;1855;2023-09-25 11:00:00;499,2
2023-09-25;12;15063;776;7205;1871;2023-09-25 12:00:00;494,92
2023-09-25;13;15112;886;7211;1876;2023-09-25 13:00:00;494,93
2023-09-25;14;15810;787;6248;1892;2023-09-25 14:00:00;495,13
2023-09-25;15;16023;701;5296;1885;2023-09-25 15:00:00;504,6
2023-09-25;16;16914;694;3805;1846;2023-09-25 16:00:00;600,91
2023-09-25;17;17824;656;2242;1816;2023-09-25 17:00:00;673,18
2023-09-25;18;18495;742;914;1749;2023-09-25 18:00:00;740,58
2023-09-25;19;19130;937;78;1839;2023-09-25 19:00:00;892,94
2023-09-25;20;20100;1540;0;2006;2023-09-25 20:00:00;904,83
2023-09-25;21;19651;2033;0;1880;2023-09-25 21:00:00;885,74
2023-09-25;22;17775;2367;0;1559;2023-09-25 22:00:00;700,51
2023-09-25;23;15994;2603;0;1516;2023-09-25 23:00:00;577,16
2023-09-25;24;14972;2568;0;1500;2023-09-26 00:00:00;502,32
2023-09-26;1;13969;2380;0;1467;2023-09-26 01:00:00;496,09
2023-09-26;2;13962;1678;0;1413;2023-09-26 02:00:00;482,57
2023-09-26;3;14022;1080;0;1380;2023-09-26 03:00:00;472,76
2023-09-26;4;14158;778;0;1376;2023-09-26 04:00:00;473,21
2023-09-26;5;14462;700;0;1399;2023-09-26 05:00:00;479,23
2023-09-26;6;15117;564;0;1475;2023-09-26 06:00:00;498,87
2023-09-26;7;16621;603;31;1632;2023-09-26 07:00:00;680,12
2023-09-26;8;18191;715;808;1890;2023-09-26 08:00:00;762,83
2023-09-26;9;18565;628;2181;1962;2023-09-26 09:00:00;707,62
2023-09-26;10;17717;246;3557;1914;2023-09-26 10:00:00;552,21
2023-09-26;11;16726;158;4934;1905;2023-09-26 11:00:00;479,37
2023-09-26;12;16391;303;6056;1990;2023-09-26 12:00:00;437,58
2023-09-26;13;16071;494;6679;1957;2023-09-26 13:00:00;433,72
2023-09-26;14;15833;643;6491;1926;2023-09-26 14:00:00;433,84
2023-09-26;15;15854;616;6270;1879;2023-09-26 15:00:00;432,77
2023-09-26;16;16453;623;5387;1833;2023-09-26 16:00:00;471,7
2023-09-26;17;17515;510;3601;1755;2023-09-26 17:00:00;536,76
2023-09-26;18;18439;507;1568;1737;2023-09-26 18:00:00;667,04
2023-09-26;19;19520;775;116;1915;2023-09-26 19:00:00;835,3
2023-09-26;20;20290;1357;0;2020;2023-09-26 20:00:00;866,67
2023-09-26;21;19813;1968;0;1786;2023-09-26 21:00:00;794,14
2023-09-26;22;18052;2361;0;1669;2023-09-26 22:00:00;597,49
2023-09-26;23;16126;2551;0;1593;2023-09-26 23:00:00;512,99
2023-09-26;24;15021;2427;0;1493;2023-09-27 00:00:00;449,83
2023-09-27;1;14369;1974;0;1450;2023-09-27 01:00:00;497,27
2023-09-27;2;13891;1892;0;1427;2023-09-27 02:00:00;480,7
2023-09-27;3;13592;1834;0;1354;2023-09-27 03:00:00;478,58
2023-09-27;4;13209;1698;0;1363;2023-09-27 04:00:00;482,07
2023-09-27;5;13513;1449;0;1357;2023-09-27 05:00:00;480,22
2023-09-27;6;14389;1161;0;1418;2023-09-27 06:00:00;520,23
2023-09-27;7;16468;937;50;1598;2023-09-27 07:00:00;696,37
2023-09-27;8;17800;800;1300;1879;2023-09-27 08:00:00;799,47
2023-09-27;9;17661;725;3221;1952;2023-09-27 09:00:00;717,49
2023-09-27;10;16455;229;5600;1961;2023-09-27 10:00:00;563,02
2023-09-27;11;15274;155;7170;2030;2023-09-27 11:00:00;480,06
2023-09-27;12;15297;257;8169;1986;2023-09-27 12:00:00;440,12
2023-09-27;13;15141;413;8507;2031;2023-09-27 13:00:00;421,77
2023-09-27;14;14981;629;8581;1954;2023-09-27 14:00:00;418,1
2023-09-27;15;15204;1025;7959;1952;2023-09-27 15:00:00;443,49
2023-09-27;16;16519;1033;6242;1974;2023-09-27 16:00:00;476,44
2023-09-27;17;17894;726;3803;1851;2023-09-27 17:00:00;568,29
2023-09-27;18;18649;499;1571;1773;2023-09-27 18:00:00;722,56
2023-09-27;19;19544;471;108;1950;2023-09-27 19:00:00;855,56
2023-09-27;20;20298;1019;0;2026;2023-09-27 20:00:00;889,33
2023-09-27;21;19637;1449;0;1703;2023-09-27 21:00:00;744,88
2023-09-27;22;17958;2159;0;1520;2023-09-27 22:00:00;562,6
2023-09-27;23;16231;2940;0;1486;2023-09-27 23:00:00;486,9
2023-09-27;24;15100;3450;0;1354;2023-09-28 00:00:00;443,03
2023-09-28;1;14132;3660;0;1412;2023-09-28 01:00:00;401,02
2023-09-28;2;13622;3524;0;1412;2023-09-28 02:00:00;373,63
2023-09-28;3;13399;3677;0;1391;2023-09-28 03:00:00;349,93
2023-09-28;4;13402;3532;0;1392;2023-09-28 04:00:00;349,53
2023-09-28;5;13684;3227;0;1420;2023-09-28 05:00:00;370,63
2023-09-28;6;14394;3393;0;1450;2023-09-28 06:00:00;412,71
2023-09-28;7;16491;3655;47;1698;2023-09-28 07:00:00;522,96
2023-09-28;8;17665;3590;1411;1845;2023-09-28 08:00:00;562,29
2023-09-28;9;17325;3231;3534;2009;2023-09-28 09:00:00;573,54
2023-09-28;10;16215;1262;5905;2110;2023-09-28 10:00:00;498,35
2023-09-28;11;15147;803;7431;2042;2023-09-28 11:00:00;418,38
2023-09-28;12;14785;1069;8274;2062;2023-09-28 12:00:00;379,93
2023-09-28;13;15015;1387;8465;2024;2023-09-28 13:00:00;316,25
2023-09-28;14;14997;1596;8197;2005;2023-09-28 14:00:00;323,91
2023-09-28;15;15166;1731;7598;1995;2023-09-28 15:00:00;363,37
2023-09-28;16;16401;1592;6183;1979;2023-09-28 16:00:00;434,39
2023-09-28;17;17564;1383;4001;1876;2023-09-28 17:00:00;517,3
2023-09-28;18;18570;1093;1607;1762;2023-09-28 18:00:00;687,75
2023-09-28;19;19546;1327;98;1918;2023-09-28 19:00:00;798,07
2023-09-28;20;20364;1749;0;2031;2023-09-28 20:00:00;866,17
2023-09-28;21;19957;2098;0;1785;2023-09-28 21:00:00;743,56
2023-09-28;22;17811;2407;0;1568;2023-09-28 22:00:00;611,64
2023-09-28;23;16282;2704;0;1563;2023-09-28 23:00:00;533,15
2023-09-28;24;15354;2781;0;1603;2023-09-29 00:00:00;488,31
2023-09-29;1;14360;2525;0;1515;2023-09-29 01:00:00;485,06
2023-09-29;2;13865;2272;0;1404;2023-09-29 02:00:00;457,77
2023-09-29;3;13975;2000;0;1420;2023-09-29 03:00:00;443,31
2023-09-29;4;13980;1834;0;1393;2023-09-29 04:00:00;433,05
2023-09-29;5;14279;1784;0;1421;2023-09-29 05:00:00;444,13
2023-09-29;6;14962;1891;0;1429;2023-09-29 06:00:00;475,52
2023-09-29;7;16562;2091;37;1574;2023-09-29 07:00:00;608,51
2023-09-29;8;17668;2417;1232;1764;2023-09-29 08:00:00;667,59
2023-09-29;9;17054;2652;3470;1855;2023-09-29 09:00:00;602,27
2023-09-29;10;16029;1573;5806;1958;2023-09-29 10:00:00;497,93
2023-09-29;11;15181;818;7153;1974;2023-09-29 11:00:00;431,87
2023-09-29;12;15183;904;7872;2048;2023-09-29 12:00:00;395,83
2023-09-29;13;15416;1167;7860;2071;2023-09-29 13:00:00;367,36
2023-09-29;14;15723;1637;7293;1981;2023-09-29 14:00:00;343,94
2023-09-29;15;15614;1901;6489;1957;2023-09-29 15:00:00;374,04
2023-09-29;16;16499;1801;4924;1873;2023-09-29 16:00:00;446,99
2023-09-29;17;17868;1509;2805;1826;2023-09-29 17:00:00;515,5
2023-09-29;18;18842;1114;951;1726;2023-09-29 18:00:00;639,2
2023-09-29;19;19433;1417;31;1761;2023-09-29 19:00:00;695,73
2023-09-29;20;19897;2281;0;1824;2023-09-29 20:00:00;721,43
2023-09-29;21;19526;3291;0;1723;2023-09-29 21:00:00;661,05
2023-09-29;22;17896;3716;0;1601;2023-09-29 22:00:00;542,97
2023-09-29;23;16208;3735;0;1542;2023-09-29 23:00:00;485,37
2023-09-29;24;15208;3649;0;1484;2023-09-30 00:00:00;449,15
2023-09-30;1;14314;4042;0;1335;2023-09-30 01:00:00;491,32
2023-09-30;2;13685;4557;0;1337;2023-09-30 02:00:00;483,4
2023-09-30;3;13350;4872;0;1335;2023-09-30 03:00:00;467,91
2023-09-30;4;13241;4204;0;1331;2023-09-30 04:00:00;447,68
2023-09-30;5;13386;3924;0;1341;2023-09-30 05:00:00;445,18
2023-09-30;6;13435;3630;0;1344;2023-09-30 06:00:00;456,28
2023-09-30;7;14033;3667;9;1389;2023-09-30 07:00:00;490,95
2023-09-30;8;14953;3377;388;1645;2023-09-30 08:00:00;500,65
2023-09-30;9;15616;3577;1395;1684;2023-09-30 09:00:00;500,57
2023-09-30;10;15566;3261;2744;1694;2023-09-30 10:00:00;492,89
2023-09-30;11;15308;4156;3833;1717;2023-09-30 11:00:00;401,07
2023-09-30;12;15070;4287;4338;1762;2023-09-30 12:00:00;322,34
2023-09-30;13;15508;4461;4389;1758;2023-09-30 13:00:00;275,12
2023-09-30;14;15659;4359;4097;1749;2023-09-30 14:00:00;248,51
2023-09-30;15;15334;4134;3856;1710;2023-09-30 15:00:00;278,84
2023-09-30;16;15115;4010;3358;1681;2023-09-30 16:00:00;357,08
2023-09-30;17;14721;3734;2279;1605;2023-09-30 17:00:00;476,37
2023-09-30;18;15513;3187;984;1618;2023-09-30 18:00:00;501,74
2023-09-30;19;16655;2264;52;1665;2023-09-30 19:00:00;589,9
2023-09-30;20;16871;2495;0;1667;2023-09-30 20:00:00;629,19
2023-09-30;21;16388;2990;0;1611;2023-09-30 21:00:00;601,44
2023-09-30;22;15223;3500;0;1545;2023-09-30 22:00:00;524,37
2023-09-30;23;14465;3886;0;1473;2023-09-30 23:00:00;497,58
2023-09-30;24;13374;3884;0;1359;2023-10-01 00:00:00;467,6
2023-10-01;1;12503;3722;0;1342;2023-10-01 01:00:00;437,15
2023-10-01;2;12034;3621;0;1279;2023-10-01 02:00:00;399,7
2023-10-01;3;11664;3448;0;1236;2023-10-01 03:00:00;364,44
2023-10-01;4;11471;2905;0;1237;2023-10-01 04:00:00;364,98
2023-10-01;5;11453;2580;0;1217;2023-10-01 05:00:00;363,25
2023-10-01;6;11412;2399;0;1202;2023-10-01 06:00:00;356,67
2023-10-01;7;11530;2346;9;1203;2023-10-01 07:00:00;361,34
2023-10-01;8;12191;2384;503;1316;2023-10-01 08:00:00;389,1
2023-10-01;9;12820;2358;1373;1388;2023-10-01 09:00:00;365,51
2023-10-01;10;12874;1792;2573;1444;2023-10-01 10:00:00;326,54
2023-10-01;11;13073;1588;3650;1503;2023-10-01 11:00:00;250,07
2023-10-01;12;13108;1687;4741;1555;2023-10-01 12:00:00;195,63
2023-10-01;13;12537;2019;5596;1537;2023-10-01 13:00:00;174,21
2023-10-01;14;12463;2112;5433;1520;2023-10-01 14:00:00;218,25
2023-10-01;15;12484;1911;4781;1496;2023-10-01 15:00:00;274,98
2023-10-01;16;12629;1467;3539;1460;2023-10-01 16:00:00;347,05
2023-10-01;17;13298;1170;2108;1374;2023-10-01 17:00:00;444,12
2023-10-01;18;13851;869;762;1302;2023-10-01 18:00:00;488,92
2023-10-01;19;15333;869;21;1455;2023-10-01 19:00:00;582,52
2023-10-01;20;15898;1285;0;1521;2023-10-01 20:00:00;616,05
2023-10-01;21;15624;1391;0;1509;2023-10-01 21:00:00;607,48
2023-10-01;22;14659;1288;0;1423;2023-10-01 22:00:00;528,49
2023-10-01;23;13741;1070;0;1371;2023-10-01 23:00:00;496,51
2023-10-01;24;13158;983;0;1266;2023-10-02 00:00:00;480,02
2023-10-02;1;12671;859;0;1283;2023-10-02 01:00:00;458,94
2023-10-02;2;12340;881;0;1252;2023-10-02 02:00:00;451,0
2023-10-02;3;12213;827;0;1249;2023-10-02 03:00:00;449,54
2023-10-02;4;12239;787;0;1253;2023-10-02 04:00:00;450,05
2023-10-02;5;12747;778;0;1267;2023-10-02 05:00:00;455,21
2023-10-02;6;13705;777;0;1331;2023-10-02 06:00:00;472,5
2023-10-02;7;16013;785;18;1540;2023-10-02 07:00:00;584,6
2023-10-02;8;17824;876;674;1714;2023-10-02 08:00:00;670,38
2023-10-02;9;18315;1035;1897;1808;2023-10-02 09:00:00;649,39
2023-10-02;10;17619;820;3297;1846;2023-10-02 10:00:00;582,87
2023-10-02;11;16745;705;4260;1781;2023-10-02 11:00:00;494,96
2023-10-02;12;16533;889;5035;1854;2023-10-02 12:00:00;480,1
2023-10-02;13;16359;930;5084;1870;2023-10-02 13:00:00;481,37
2023-10-02;14;16373;973;5171;1852;2023-10-02 14:00:00;477,33
2023-10-02;15;16315;1052;4542;1775;2023-10-02 15:00:00;456,03
2023-10-02;16;16797;1012;3489;1687;2023-10-02 16:00:00;474,93
2023-10-02;17;17683;916;2173;1749;2023-10-02 17:00:00;568,25
2023-10-02;18;18547;901;843;1747;2023-10-02 18:00:00;684,11
2023-10-02;19;19434;1268;31;1886;2023-10-02 19:00:00;805,03
2023-10-02;20;20282;1757;0;2003;2023-10-02 20:00:00;889,98
2023-10-02;21;19730;2378;0;1818;2023-10-02 21:00:00;755,81
2023-10-02;22;18066;2646;0;1692;2023-10-02 22:00:00;596,09
2023-10-02;23;16403;2759;0;1572;2023-10-02 23:00:00;516,08
2023-10-02;24;15106;2810;0;1445;2023-10-03 00:00:00;480,18
2023-10-03;1;13906;2835;0;1400;2023-10-03 01:00:00;463,9
2023-10-03;2;13365;2661;0;1319;2023-10-03 02:00:00;445,09
2023-10-03;3;13162;2641;0;1336;2023-10-03 03:00:00;447,9
2023-10-03;4;13354;2595;0;1344;2023-10-03 04:00:00;434,71
2023-10-03;5;13451;2751;0;1331;2023-10-03 05:00:00;435,3
2023-10-03;6;14249;3245;0;1449;2023-10-03 06:00:00;460,21
2023-10-03;7;16336;3856;16;1730;2023-10-03 07:00:00;486,53
2023-10-03;8;17794;4492;1026;1863;2023-10-03 08:00:00;492,99
2023-10-03;9;17713;4569;2853;1938;2023-10-03 09:00:00;471,15
2023-10-03;10;16709;2431;4933;1941;2023-10-03 10:00:00;322,17
2023-10-03;11;15701;3367;6521;2023;2023-10-03 11:00:00;43,26
2023-10-03;12;15851;5010;6912;2055;2023-10-03 12:00:00;39,87
2023-10-03;13;16142;5850;6720;2045;2023-10-03 13:00:00;19,05
2023-10-03;14;16327;6466;6399;2035;2023-10-03 14:00:00;17,93
2023-10-03;15;16654;6868;5490;2085;2023-10-03 15:00:00;42,34
2023-10-03;16;16983;6789;3813;2053;2023-10-03 16:00:00;42,83
2023-10-03;17;18287;6338;2102;1994;2023-10-03 17:00:00;173,62
2023-10-03;18;18920;6439;688;1935;2023-10-03 18:00:00;405,1
2023-10-03;19;19865;6515;18;2041;2023-10-03 19:00:00;467,07
2023-10-03;20;20757;6943;0;2078;2023-10-03 20:00:00;476,95
2023-10-03;21;20078;7137;0;1958;2023-10-03 21:00:00;441,68
2023-10-03;22;18786;7043;0;1872;2023-10-03 22:00:00;84,01
2023-10-03;23;17013;7007;0;1693;2023-10-03 23:00:00;276,56
2023-10-03;24;15643;7242;0;1573;2023-10-04 00:00:00;49,22
2023-10-04;1;14539;6775;0;1529;2023-10-04 01:00:00;26,48
2023-10-04;2;14603;6994;0;1570;2023-10-04 02:00:00;20,72
2023-10-04;3;14327;7217;0;1557;2023-10-04 03:00:00;21,5
2023-10-04;4;14622;7037;0;1573;2023-10-04 04:00:00;20,72
2023-10-04;5;14836;6789;0;1619;2023-10-04 05:00:00;33,36
2023-10-04;6;15702;6554;0;1724;2023-10-04 06:00:00;131,35
2023-10-04;7;17076;6503;11;1813;2023-10-04 07:00:00;370,17
2023-10-04;8;18363;6378;701;2053;2023-10-04 08:00:00;409,58
2023-10-04;9;18341;6195;1938;2193;2023-10-04 09:00:00;430,72
2023-10-04;10;17782;6506;3240;2212;2023-10-04 10:00:00;389,63
2023-10-04;11;17437;6482;3706;2205;2023-10-04 11:00:00;242,22
2023-10-04;12;18324;6513;3564;2197;2023-10-04 12:00:00;166,15
2023-10-04;13;18050;6515;3909;2167;2023-10-04 13:00:00;77,6
2023-10-04;14;17886;6487;3965;2100;2023-10-04 14:00:00;70,95
2023-10-04;15;17211;6566;3841;2062;2023-10-04 15:00:00;111,07
2023-10-04;16;17734;6083;3526;2060;2023-10-04 16:00:00;214,04
2023-10-04;17;18202;5324;2250;1990;2023-10-04 17:00:00;371,63
2023-10-04;18;18928;4337;893;1946;2023-10-04 18:00:00;440,48
2023-10-04;19;19747;4087;17;1952;2023-10-04 19:00:00;494,71
2023-10-04;20;20325;4693;0;1996;2023-10-04 20:00:00;554,05
2023-10-04;21;19442;5320;0;1875;2023-10-04 21:00:00;512,1
2023-10-04;22;17888;5858;0;1738;2023-10-04 22:00:00;437,11
2023-10-04;23;16199;5736;0;1598;2023-10-04 23:00:00;413,61
2023-10-04;24;15223;5242;0;1546;2023-10-05 00:00:00;344,75
2023-10-05;1;14499;5240;0;1506;2023-10-05 01:00:00;321,49
2023-10-05;2;14347;5392;0;1507;2023-10-05 02:00:00;265,08
2023-10-05;3;14376;5198;0;1483;2023-10-05 03:00:00;252,18
2023-10-05;4;14180;5501;0;1497;2023-10-05 04:00:00;255,06
2023-10-05;5;14388;5585;0;1514;2023-10-05 05:00:00;259,2
2023-10-05;6;15148;5856;0;1586;2023-10-05 06:00:00;338,43
2023-10-05;7;16986;6195;8;1768;2023-10-05 07:00:00;433,3
2023-10-05;8;18174;6464;770;1935;2023-10-05 08:00:00;453,12
2023-10-05;9;18640;6521;2008;2139;2023-10-05 09:00:00;469,3
2023-10-05;10;17937;6399;3232;2186;2023-10-05 10:00:00;449,91
2023-10-05;11;17642;6560;3536;2185;2023-10-05 11:00:00;367,45
2023-10-05;12;17073;6595;4070;2117;2023-10-05 12:00:00;315,19
2023-10-05;13;16883;6959;4042;2122;2023-10-05 13:00:00;292,89
2023-10-05;14;16975;7090;4020;2107;2023-10-05 14:00:00;297,31
2023-10-05;15;17358;6986;3498;2131;2023-10-05 15:00:00;320,7
2023-10-05;16;18084;6736;2451;2099;2023-10-05 16:00:00;360,46
2023-10-05;17;18541;6410;1491;2062;2023-10-05 17:00:00;434,16
2023-10-05;18;18936;5793;547;2008;2023-10-05 18:00:00;474,47
2023-10-05;19;19933;5679;9;1987;2023-10-05 19:00:00;493,13
2023-10-05;20;20533;4936;0;2020;2023-10-05 20:00:00;530,03
2023-10-05;21;19521;4382;0;1908;2023-10-05 21:00:00;524,59
2023-10-05;22;18109;3925;0;1768;2023-10-05 22:00:00;477,42
2023-10-05;23;16639;3390;0;1664;2023-10-05 23:00:00;469,26
2023-10-05;24;15448;3216;0;1469;2023-10-06 00:00:00;446,78
2023-10-06;1;14531;2849;0;1393;2023-10-06 01:00:00;448,77
2023-10-06;2;14036;2756;0;1366;2023-10-06 02:00:00;430,03
2023-10-06;3;13787;2503;0;1352;2023-10-06 03:00:00;418,42
2023-10-06;4;13901;2279;0;1332;2023-10-06 04:00:00;414,97
2023-10-06;5;13993;2016;0;1344;2023-10-06 05:00:00;436,81
2023-10-06;6;14778;1945;0;1446;2023-10-06 06:00:00;473,9
2023-10-06;7;17095;1790;8;1742;2023-10-06 07:00:00;522,27
2023-10-06;8;18500;1699;565;1898;2023-10-06 08:00:00;567,89
2023-10-06;9;19082;1720;1405;1985;2023-10-06 09:00:00;528,6
2023-10-06;10;18585;1901;2283;1936;2023-10-06 10:00:00;487,48
2023-10-06;11;17677;2462;3109;1869;2023-10-06 11:00:00;475,6
2023-10-06;12;16533;3193;4837;1900;2023-10-06 12:00:00;465,41
2023-10-06;13;16367;3802;5646;1921;2023-10-06 13:00:00;418,72
2023-10-06;14;16734;4096;5005;1934;2023-10-06 14:00:00;388,49
2023-10-06;15;17813;4325;3678;2026;2023-10-06 15:00:00;385,45
2023-10-06;16;18523;5141;2715;2016;2023-10-06 16:00:00;402,05
2023-10-06;17;18728;5269;1625;1953;2023-10-06 17:00:00;430,0
2023-10-06;18;18720;5656;553;1878;2023-10-06 18:00:00;441,74
2023-10-06;19;19501;6171;4;1935;2023-10-06 19:00:00;475,59
2023-10-06;20;20021;7002;0;1960;2023-10-06 20:00:00;475,72
2023-10-06;21;19392;7464;0;1867;2023-10-06 21:00:00;441,83
2023-10-06;22;18229;7473;0;1797;2023-10-06 22:00:00;389,23
2023-10-06;23;16478;7661;0;1660;2023-10-06 23:00:00;311,82
2023-10-06;24;15059;7819;0;1546;2023-10-07 00:00:00;182,75
2023-10-07;1;15038;8051;0;1550;2023-10-07 01:00:00;-9,23
2023-10-07;2;14947;8119;0;1588;2023-10-07 02:00:00;-3,79
2023-10-07;3;14663;8165;0;1564;2023-10-07 03:00:00;-6,33
2023-10-07;4;14550;8130;0;1558;2023-10-07 04:00:00;-11,35
2023-10-07;5;14735;8072;0;1526;2023-10-07 05:00:00;-3,01
2023-10-07;6;14805;7962;0;1561;2023-10-07 06:00:00;-13,33
2023-10-07;7;15315;7894;0;1591;2023-10-07 07:00:00;1,32
2023-10-07;8;15581;7761;202;1671;2023-10-07 08:00:00;83,79
2023-10-07;9;16180;7715;823;1782;2023-10-07 09:00:00;199,5
2023-10-07;10;16386;7828;1722;1855;2023-10-07 10:00:00;195,19
2023-10-07;11;16180;7727;2675;1911;2023-10-07 11:00:00;162,44
2023-10-07;12;16232;7269;3285;1858;2023-10-07 12:00:00;96,09
2023-10-07;13;15641;6283;3718;1814;2023-10-07 13:00:00;60,62
2023-10-07;14;15777;5700;3113;1749;2023-10-07 14:00:00;46,16
2023-10-07;15;15466;4530;2346;1665;2023-10-07 15:00:00;47,86
2023-10-07;16;15656;4132;1597;1640;2023-10-07 16:00:00;138,61
2023-10-07;17;16324;3530;668;1664;2023-10-07 17:00:00;316,14
2023-10-07;18;16844;3538;106;1709;2023-10-07 18:00:00;373,84
2023-10-07;19;17455;3163;0;1694;2023-10-07 19:00:00;455,33
2023-10-07;20;17577;3388;0;1700;2023-10-07 20:00:00;444,25
2023-10-07;21;16970;3086;0;1601;2023-10-07 21:00:00;444,89
2023-10-07;22;15740;2804;0;1527;2023-10-07 22:00:00;380,69
2023-10-07;23;14809;2807;0;1443;2023-10-07 23:00:00;360,14
2023-10-07;24;13771;2940;0;1376;2023-10-08 00:00:00;297,32
2023-10-08;1;12719;3287;0;1267;2023-10-08 01:00:00;374,82
2023-10-08;2;12188;3332;0;1231;2023-10-08 02:00:00;307,03
2023-10-08;3;11836;3342;0;1237;2023-10-08 03:00:00;277,37
2023-10-08;4;11633;3713;0;1258;2023-10-08 04:00:00;252,32
2023-10-08;5;11599;4139;0;1264;2023-10-08 05:00:00;254,13
2023-10-08;6;11729;4460;0;1315;2023-10-08 06:00:00;266,6
2023-10-08;7;11967;4590;1;1375;2023-10-08 07:00:00;291,34
2023-10-08;8;12150;4626;630;1444;2023-10-08 08:00:00;329,31
2023-10-08;9;12421;4512;2324;1516;2023-10-08 09:00:00;195,6
2023-10-08;10;12295;4584;4600;1691;2023-10-08 10:00:00;113,28
2023-10-08;11;12316;5351;6756;1860;2023-10-08 11:00:00;102,61
2023-10-08;12;11855;5882;8052;1963;2023-10-08 12:00:00;106,81
2023-10-08;13;11479;6074;7289;1953;2023-10-08 13:00:00;53,99
2023-10-08;14;12273;6167;5483;1879;2023-10-08 14:00:00;69,04
2023-10-08;15;12116;6027;4394;1794;2023-10-08 15:00:00;106,06
2023-10-08;16;11756;5593;3926;1749;2023-10-08 16:00:00;181,2
2023-10-08;17;12398;4818;2872;1674;2023-10-08 17:00:00;215,62
2023-10-08;18;14445;3874;915;1666;2023-10-08 18:00:00;418,02
2023-10-08;19;16341;3277;3;1606;2023-10-08 19:00:00;407,44
2023-10-08;20;16854;2956;0;1638;2023-10-08 20:00:00;461,2
2023-10-08;21;16270;2843;0;1599;2023-10-08 21:00:00;461,24
2023-10-08;22;15303;2473;0;1492;2023-10-08 22:00:00;453,05
2023-10-08;23;14384;2353;0;1428;2023-10-08 23:00:00;445,27
2023-10-08;24;13471;2077;0;1315;2023-10-09 00:00:00;449,47
2023-10-09;1;13585;1935;0;1353;2023-10-09 01:00:00;451,68
2023-10-09;2;13182;1692;0;1331;2023-10-09 02:00:00;430,64
2023-10-09;3;13068;1575;0;1285;2023-10-09 03:00:00;427,95
2023-10-09;4;13131;1514;0;1336;2023-10-09 04:00:00;431,46
2023-10-09;5;13621;1592;0;1387;2023-10-09 05:00:00;446,5
2023-10-09;6;14552;1796;0;1396;2023-10-09 06:00:00;486,04
2023-10-09;7;16805;1952;0;1638;2023-10-09 07:00:00;605,13
2023-10-09;8;18745;1912;150;1821;2023-10-09 08:00:00;718,05
2023-10-09;9;19610;1488;589;1880;2023-10-09 09:00:00;769,11
2023-10-09;10;19421;945;1219;1836;2023-10-09 10:00:00;687,95
2023-10-09;11;18801;568;2201;1799;2023-10-09 11:00:00;603,09
2023-10-09;12;18743;520;2839;1860;2023-10-09 12:00:00;537,64
2023-10-09;13;18445;519;3327;1872;2023-10-09 13:00:00;539,24
2023-10-09;14;18367;470;3584;1863;2023-10-09 14:00:00;531,7
2023-10-09;15;18131;416;3599;1863;2023-10-09 15:00:00;534,97
2023-10-09;16;18836;343;2378;1865;2023-10-09 16:00:00;623,67
2023-10-09;17;18970;267;1441;1884;2023-10-09 17:00:00;709,26
2023-10-09;18;19469;326;464;1859;2023-10-09 18:00:00;795,4
2023-10-09;19;20612;346;0;2018;2023-10-09 19:00:00;856,39
2023-10-09;20;21241;440;0;2060;2023-10-09 20:00:00;873,6
2023-10-09;21;20462;573;0;1904;2023-10-09 21:00:00;832,17
2023-10-09;22;18905;657;0;1725;2023-10-09 22:00:00;657,42
2023-10-09;23;17309;773;0;1607;2023-10-09 23:00:00;550,56
2023-10-09;24;16054;931;0;1602;2023-10-10 00:00:00;498,82
2023-10-10;1;15338;1333;0;1490;2023-10-10 01:00:00;494,05
2023-10-10;2;15552;1289;0;1481;2023-10-10 02:00:00;474,38
2023-10-10;3;15170;1047;0;1468;2023-10-10 03:00:00;476,85
2023-10-10;4;15190;879;0;1473;2023-10-10 04:00:00;459,26
2023-10-10;5;15426;862;0;1465;2023-10-10 05:00:00;460,19
2023-10-10;6;15653;859;0;1542;2023-10-10 06:00:00;502,47
2023-10-10;7;17765;783;2;1780;2023-10-10 07:00:00;639,46
2023-10-10;8;19313;849;453;1956;2023-10-10 08:00:00;770,57
2023-10-10;9;19735;851;1594;2047;2023-10-10 09:00:00;755,15
2023-10-10;10;19112;520;3026;1973;2023-10-10 10:00:00;626,98
2023-10-10;11;18049;564;4460;2013;2023-10-10 11:00:00;518,47
2023-10-10;12;17125;532;5960;1995;2023-10-10 12:00:00;494,08
2023-10-10;13;17311;540;5911;2006;2023-10-10 13:00:00;481,09
2023-10-10;14;17265;795;5306;1961;2023-10-10 14:00:00;479,46
2023-10-10;15;17088;697;4638;1907;2023-10-10 15:00:00;485,21
2023-10-10;16;17746;565;3325;1902;2023-10-10 16:00:00;530,84
2023-10-10;17;18413;600;1821;1824;2023-10-10 17:00:00;607,46
2023-10-10;18;19410;864;475;1855;2023-10-10 18:00:00;702,2
2023-10-10;19;20483;1408;0;2009;2023-10-10 19:00:00;771,16
2023-10-10;20;21110;2109;0;2080;2023-10-10 20:00:00;777,74
2023-10-10;21;20386;2577;0;1962;2023-10-10 21:00:00;707,73
2023-10-10;22;18900;2996;0;1831;2023-10-10 22:00:00;521,11
2023-10-10;23;17344;3427;0;1697;2023-10-10 23:00:00;449,02
2023-10-10;24;16110;3739;0;1595;2023-10-11 00:00:00;439,63
2023-10-11;1;14748;3880;0;1434;2023-10-11 01:00:00;378,64
2023-10-11;2;14192;4129;0;1421;2023-10-11 02:00:00;356,34
2023-10-11;3;14023;4070;0;1409;2023-10-11 03:00:00;312,63
2023-10-11;4;14122;4241;0;1422;2023-10-11 04:00:00;300,0
2023-10-11;5;14490;4412;0;1460;2023-10-11 05:00:00;300,0
2023-10-11;6;15136;4915;0;1522;2023-10-11 06:00:00;355,7
2023-10-11;7;17528;5288;0;1770;2023-10-11 07:00:00;456,47
2023-10-11;8;19413;5686;349;1994;2023-10-11 08:00:00;473,16
2023-10-11;9;19464;5838;1454;2083;2023-10-11 09:00:00;485,97
2023-10-11;10;18451;5669;2803;1964;2023-10-11 10:00:00;453,53
2023-10-11;11;17321;5182;4319;1991;2023-10-11 11:00:00;250,69
2023-10-11;12;16301;5084;5669;1970;2023-10-11 12:00:00;213,47
2023-10-11;13;16642;5527;6099;2014;2023-10-11 13:00:00;183,94
2023-10-11;14;17212;6202;5472;2033;2023-10-11 14:00:00;178,47
2023-10-11;15;17628;6070;4526;2018;2023-10-11 15:00:00;199,99
2023-10-11;16;17501;5983;3760;1965;2023-10-11 16:00:00;226,69
2023-10-11;17;18463;5727;1889;1937;2023-10-11 17:00:00;381,12
2023-10-11;18;19305;5747;469;1980;2023-10-11 18:00:00;451,57
2023-10-11;19;20249;6463;0;2039;2023-10-11 19:00:00;487,69
2023-10-11;20;20656;7001;0;2072;2023-10-11 20:00:00;495,66
2023-10-11;21;20032;7265;0;2027;2023-10-11 21:00:00;468,09
2023-10-11;22;18775;7022;0;1902;2023-10-11 22:00:00;372,95
2023-10-11;23;17213;7058;0;1773;2023-10-11 23:00:00;375,55
2023-10-11;24;16066;7139;0;1692;2023-10-12 00:00:00;293,06
2023-10-12;1;15253;6634;0;1701;2023-10-12 01:00:00;254,6
2023-10-12;2;14759;6420;0;1682;2023-10-12 02:00:00;261,37
2023-10-12;3;14565;5779;0;1689;2023-10-12 03:00:00;252,75
2023-10-12;4;14372;5326;0;1692;2023-10-12 04:00:00;315,7
2023-10-12;5;14671;5737;0;1729;2023-10-12 05:00:00;350,31
2023-10-12;6;15549;5793;0;1754;2023-10-12 06:00:00;420,58
2023-10-12;7;17865;5667;0;1874;2023-10-12 07:00:00;521,96
2023-10-12;8;19081;5555;406;1996;2023-10-12 08:00:00;588,85
2023-10-12;9;19133;5431;1363;2094;2023-10-12 09:00:00;621,26
2023-10-12;10;18829;5023;2177;2130;2023-10-12 10:00:00;583,98
2023-10-12;11;18136;4556;2780;2135;2023-10-12 11:00:00;500,22
2023-10-12;12;18123;4393;3154;2154;2023-10-12 12:00:00;478,39
2023-10-12;13;18079;4214;3196;2145;2023-10-12 13:00:00;483,77
2023-10-12;14;18086;4321;3202;2066;2023-10-12 14:00:00;473,45
2023-10-12;15;17782;4388;2767;1992;2023-10-12 15:00:00;489,88
2023-10-12;16;18668;4078;2119;1975;2023-10-12 16:00:00;529,25
2023-10-12;17;19141;3820;1269;1963;2023-10-12 17:00:00;599,24
2023-10-12;18;19714;3403;289;1969;2023-10-12 18:00:00;624,93
2023-10-12;19;20642;3450;0;2052;2023-10-12 19:00:00;711,95
2023-10-12;20;20931;3350;0;2058;2023-10-12 20:00:00;781,68
2023-10-12;21;20202;3269;0;1979;2023-10-12 21:00:00;708,7
2023-10-12;22;18703;2966;0;1815;2023-10-12 22:00:00;600,38
2023-10-12;23;17141;2735;0;1713;2023-10-12 23:00:00;551,88
2023-10-12;24;16060;2395;0;1662;2023-10-13 00:00:00;489,83
2023-10-13;1;15059;1913;0;1634;2023-10-13 01:00:00;494,7
2023-10-13;2;14543;1599;0;1589;2023-10-13 02:00:00;484,06
2023-10-13;3;14262;1383;0;1498;2023-10-13 03:00:00;467,88
2023-10-13;4;14282;1269;0;1478;2023-10-13 04:00:00;457,12
2023-10-13;5;14553;1182;0;1490;2023-10-13 05:00:00;458,46
2023-10-13;6;15178;1282;0;1519;2023-10-13 06:00:00;470,99
2023-10-13;7;17436;1459;0;1771;2023-10-13 07:00:00;569,87
2023-10-13;8;19052;1857;365;1924;2023-10-13 08:00:00;621,73
2023-10-13;9;19071;2281;1577;1937;2023-10-13 09:00:00;610,37
2023-10-13;10;18132;2043;3094;1937;2023-10-13 10:00:00;507,54
2023-10-13;11;17461;1671;4182;1952;2023-10-13 11:00:00;455,3
2023-10-13;12;17092;2260;4747;1925;2023-10-13 12:00:00;453,84
2023-10-13;13;16728;3027;4886;1901;2023-10-13 13:00:00;426,26
2023-10-13;14;17054;3494;4178;1891;2023-10-13 14:00:00;332,81
2023-10-13;15;17424;4064;3181;1889;2023-10-13 15:00:00;384,84
2023-10-13;16;18333;4845;2132;1931;2023-10-13 16:00:00;452,29
2023-10-13;17;18951;5649;1154;1939;2023-10-13 17:00:00;471,61
2023-10-13;18;19333;6383;254;1946;2023-10-13 18:00:00;488,12
2023-10-13;19;20289;7056;0;2028;2023-10-13 19:00:00;477,14
2023-10-13;20;20651;7610;0;2051;2023-10-13 20:00:00;505,94
2023-10-13;21;19982;8010;0;1963;2023-10-13 21:00:00;409,09
2023-10-13;22;18479;8099;0;1821;2023-10-13 22:00:00;158,48
2023-10-13;23;17034;8000;0;1688;2023-10-13 23:00:00;142,48
2023-10-13;24;15996;7729;0;1599;2023-10-14 00:00:00;63,91
2023-10-14;1;15102;7469;0;1548;2023-10-14 01:00:00;19,06
2023-10-14;2;14552;7393;0;1513;2023-10-14 02:00:00;12,27
2023-10-14;3;14240;7237;0;1508;2023-10-14 03:00:00;13,62
2023-10-14;4;14133;7108;0;1512;2023-10-14 04:00:00;14,57
2023-10-14;5;14459;7149;0;1498;2023-10-14 05:00:00;7,67
2023-10-14;6;14594;7307;0;1528;2023-10-14 06:00:00;12,81
2023-10-14;7;15070;7562;0;1602;2023-10-14 07:00:00;6,7
2023-10-14;8;15718;7597;544;1646;2023-10-14 08:00:00;62,74
2023-10-14;9;15926;6731;1985;1729;2023-10-14 09:00:00;86,37
2023-10-14;10;15868;5818;3369;1855;2023-10-14 10:00:00;120,57
2023-10-14;11;15073;6513;4419;1852;2023-10-14 11:00:00;60,78
2023-10-14;12;15109;6810;4983;1891;2023-10-14 12:00:00;30,61
2023-10-14;13;15037;6840;5218;1927;2023-10-14 13:00:00;27,82
2023-10-14;14;15526;6931;4014;1846;2023-10-14 14:00:00;11,91
2023-10-14;15;15315;6065;3370;1829;2023-10-14 15:00:00;28,05
2023-10-14;16;15777;5320;2492;1761;2023-10-14 16:00:00;70,09
2023-10-14;17;15978;5410;1338;1684;2023-10-14 17:00:00;231,46
2023-10-14;18;16664;5232;294;1635;2023-10-14 18:00:00;324,43
2023-10-14;19;17549;4636;0;1715;2023-10-14 19:00:00;428,49
2023-10-14;20;17692;4707;0;1708;2023-10-14 20:00:00;445,47
2023-10-14;21;17114;5220;0;1641;2023-10-14 21:00:00;397,49
2023-10-14;22;15894;5698;0;1559;2023-10-14 22:00:00;350,3
2023-10-14;23;15075;5413;0;1575;2023-10-14 23:00:00;220,76
2023-10-14;24;14081;5585;0;1504;2023-10-15 00:00:00;119,58
2023-10-15;1;12939;6122;0;1376;2023-10-15 01:00:00;29,49
2023-10-15;2;12474;6347;0;1347;2023-10-15 02:00:00;0,37
2023-10-15;3;12162;6431;0;1334;2023-10-15 03:00:00;-3,84
2023-10-15;4;11917;6645;0;1329;2023-10-15 04:00:00;1,22
2023-10-15;5;11874;6786;0;1319;2023-10-15 05:00:00;-4,23
2023-10-15;6;12089;6796;0;1390;2023-10-15 06:00:00;6,06
2023-10-15;7;12589;6893;0;1460;2023-10-15 07:00:00;4,75
2023-10-15;8;13288;6618;532;1549;2023-10-15 08:00:00;0,34
2023-10-15;9;12937;6378;2548;1629;2023-10-15 09:00:00;1,33
2023-10-15;10;12801;6579;4397;1715;2023-10-15 10:00:00;-6,76
2023-10-15;11;13260;6677;5053;1817;2023-10-15 11:00:00;-16,51
2023-10-15;12;13660;5709;5441;1883;2023-10-15 12:00:00;-25,14
2023-10-15;13;13957;6355;4793;1877;2023-10-15 13:00:00;-29,59
2023-10-15;14;14093;6377;4233;1859;2023-10-15 14:00:00;-19,31
2023-10-15;15;14341;6400;3598;1826;2023-10-15 15:00:00;-18,14
2023-10-15;16;14400;6072;2472;1728;2023-10-15 16:00:00;-14,12
2023-10-15;17;14363;6200;1306;1634;2023-10-15 17:00:00;-0,47
2023-10-15;18;15049;5863;275;1632;2023-10-15 18:00:00;186,31
2023-10-15;19;16307;5224;0;1779;2023-10-15 19:00:00;361,37
2023-10-15;20;16791;5314;0;1802;2023-10-15 20:00:00;418,86
2023-10-15;21;16235;5842;0;1766;2023-10-15 21:00:00;359,71
2023-10-15;22;15389;6022;0;1723;2023-10-15 22:00:00;363,74
2023-10-15;23;14772;5961;0;1713;2023-10-15 23:00:00;306,87
2023-10-15;24;14230;5960;0;1655;2023-10-16 00:00:00;201,79
2023-10-16;1;13634;5925;0;1556;2023-10-16 01:00:00;297,01
2023-10-16;2;13574;5808;0;1578;2023-10-16 02:00:00;257,05
2023-10-16;3;13605;5545;0;1596;2023-10-16 03:00:00;260,14
2023-10-16;4;13668;5299;0;1551;2023-10-16 04:00:00;243,21
2023-10-16;5;14130;5274;0;1642;2023-10-16 05:00:00;310,76
2023-10-16;6;14855;5169;0;1694;2023-10-16 06:00:00;453,18
2023-10-16;7;17026;4784;0;1902;2023-10-16 07:00:00;614,13
2023-10-16;8;19072;4605;198;1955;2023-10-16 08:00:00;631,79
2023-10-16;9;19367;4494;1098;2015;2023-10-16 09:00:00;663,05
2023-10-16;10;19249;4256;1948;2092;2023-10-16 10:00:00;662,14
2023-10-16;11;18601;3788;2745;2131;2023-10-16 11:00:00;538,21
2023-10-16;12;17843;3546;4225;2128;2023-10-16 12:00:00;491,42
2023-10-16;13;17661;3429;4653;2077;2023-10-16 13:00:00;471,23
2023-10-16;14;18529;3559;3645;2060;2023-10-16 14:00:00;461,41
2023-10-16;15;18247;3589;3210;2031;2023-10-16 15:00:00;494,71
2023-10-16;16;18511;3213;2563;1999;2023-10-16 16:00:00;557,03
2023-10-16;17;19084;2687;1467;1934;2023-10-16 17:00:00;647,23
2023-10-16;18;19487;2240;322;1920;2023-10-16 18:00:00;704,68
2023-10-16;19;20614;2097;0;2004;2023-10-16 19:00:00;789,73
2023-10-16;20;21040;2172;0;2084;2023-10-16 20:00:00;838,31
2023-10-16;21;20381;2157;0;1961;2023-10-16 21:00:00;751,8
2023-10-16;22;18693;2429;0;1763;2023-10-16 22:00:00;668,14
2023-10-16;23;17088;2505;0;1649;2023-10-16 23:00:00;618,61
2023-10-16;24;16101;2460;0;1634;2023-10-17 00:00:00;524,59
2023-10-17;1;15271;2217;0;1589;2023-10-17 01:00:00;533,94
2023-10-17;2;14749;2334;0;1495;2023-10-17 02:00:00;507,68
2023-10-17;3;14647;2162;0;1483;2023-10-17 03:00:00;507,28
2023-10-17;4;14669;2061;0;1487;2023-10-17 04:00:00;508,3
2023-10-17;5;14874;1932;0;1467;2023-10-17 05:00:00;501,35
2023-10-17;6;15633;1802;0;1546;2023-10-17 06:00:00;541,0
2023-10-17;7;18071;1824;0;1756;2023-10-17 07:00:00;684,26
2023-10-17;8;19637;1831;444;1941;2023-10-17 08:00:00;760,41
2023-10-17;9;19772;1746;2026;2021;2023-10-17 09:00:00;760,74
2023-10-17;10;18836;1075;3587;2068;2023-10-17 10:00:00;698,95
2023-10-17;11;17737;656;4910;2041;2023-10-17 11:00:00;594,95
2023-10-17;12;16452;1003;6635;2002;2023-10-17 12:00:00;507,37
2023-10-17;13;15460;1451;7898;1942;2023-10-17 13:00:00;492,69
2023-10-17;14;16323;1604;6386;1944;2023-10-17 14:00:00;488,21
2023-10-17;15;17412;1543;3897;1923;2023-10-17 15:00:00;496,68
2023-10-17;16;17976;1425;2779;1869;2023-10-17 16:00:00;537,87
2023-10-17;17;18783;1322;1574;1855;2023-10-17 17:00:00;640,18
2023-10-17;18;19859;1341;244;1907;2023-10-17 18:00:00;742,95
2023-10-17;19;21122;1718;0;2002;2023-10-17 19:00:00;807,76
2023-10-17;20;21346;2293;0;2009;2023-10-17 20:00:00;803,61
2023-10-17;21;20707;2829;0;1899;2023-10-17 21:00:00;723,7
2023-10-17;22;19247;3244;0;1766;2023-10-17 22:00:00;615,87
2023-10-17;23;17596;3380;0;1714;2023-10-17 23:00:00;547,78
2023-10-17;24;16486;3136;0;1621;2023-10-18 00:00:00;473,28
2023-10-18;1;15355;3345;0;1569;2023-10-18 01:00:00;434,23
2023-10-18;2;15042;3527;0;1570;2023-10-18 02:00:00;437,39
2023-10-18;3;14951;3471;0;1568;2023-10-18 03:00:00;410,13
2023-10-18;4;15072;3578;0;1579;2023-10-18 04:00:00;405,36
2023-10-18;5;15417;3614;0;1588;2023-10-18 05:00:00;423,17
2023-10-18;6;16085;3508;0;1669;2023-10-18 06:00:00;425,76
2023-10-18;7;18593;3332;0;1889;2023-10-18 07:00:00;534,19
2023-10-18;8;19976;3119;434;2012;2023-10-18 08:00:00;629,41
2023-10-18;9;19879;2925;2226;2082;2023-10-18 09:00:00;594,47
2023-10-18;10;18872;2079;4080;2120;2023-10-18 10:00:00;518,22
2023-10-18;11;17230;1640;5699;2100;2023-10-18 11:00:00;410,98
2023-10-18;12;16846;1771;7161;2080;2023-10-18 12:00:00;368,69
2023-10-18;13;16927;1741;6996;2111;2023-10-18 13:00:00;378,69
2023-10-18;14;17176;1569;6512;2086;2023-10-18 14:00:00;386,04
2023-10-18;15;16923;1354;5855;1978;2023-10-18 15:00:00;422,39
2023-10-18;16;16815;978;4916;1893;2023-10-18 16:00:00;463,09
2023-10-18;17;18039;808;2653;1875;2023-10-18 17:00:00;579,04
2023-10-18;18;19796;800;348;1898;2023-10-18 18:00:00;690,04
2023-10-18;19;20936;984;0;1945;2023-10-18 19:00:00;725,14
2023-10-18;20;21318;1175;0;1958;2023-10-18 20:00:00;725,41
2023-10-18;21;20703;1245;0;1891;2023-10-18 21:00:00;705,06
2023-10-18;22;19228;1377;0;1753;2023-10-18 22:00:00;584,2
2023-10-18;23;17599;1522;0;1627;2023-10-18 23:00:00;496,25
2023-10-18;24;16387;1918;0;1534;2023-10-19 00:00:00;397,64
2023-10-19;1;15441;2412;0;1490;2023-10-19 01:00:00;399,92
2023-10-19;2;15158;2637;0;1526;2023-10-19 02:00:00;401,55
2023-10-19;3;15091;2857;0;1523;2023-10-19 03:00:00;380,46
2023-10-19;4;15273;3039;0;1541;2023-10-19 04:00:00;374,74
2023-10-19;5;15547;3316;0;1570;2023-10-19 05:00:00;380,59
2023-10-19;6;16186;3567;0;1596;2023-10-19 06:00:00;417,29
2023-10-19;7;18348;3813;0;1807;2023-10-19 07:00:00;509,89
2023-10-19;8;19789;4001;159;1977;2023-10-19 08:00:00;583,74
2023-10-19;9;20434;3974;859;2047;2023-10-19 09:00:00;601,47
2023-10-19;10;20018;3303;1670;2050;2023-10-19 10:00:00;560,98
2023-10-19;11;19450;2837;2095;2057;2023-10-19 11:00:00;498,21
2023-10-19;12;19605;2755;2375;2113;2023-10-19 12:00:00;476,39
2023-10-19;13;19743;2744;2156;2091;2023-10-19 13:00:00;460,84
2023-10-19;14;19939;2827;1633;2034;2023-10-19 14:00:00;468,07
2023-10-19;15;19777;2979;1259;2037;2023-10-19 15:00:00;489,3
2023-10-19;16;20206;3305;723;2031;2023-10-19 16:00:00;511,41
2023-10-19;17;20313;3642;299;2017;2023-10-19 17:00:00;539,37
2023-10-19;18;20506;4232;19;2006;2023-10-19 18:00:00;583,25
2023-10-19;19;21454;4138;0;2091;2023-10-19 19:00:00;605,16
2023-10-19;20;21697;4066;0;2057;2023-10-19 20:00:00;577,65
2023-10-19;21;20929;4037;0;2002;2023-10-19 21:00:00;507,36
2023-10-19;22;19396;4109;0;1911;2023-10-19 22:00:00;393,35
2023-10-19;23;17765;4245;0;1747;2023-10-19 23:00:00;426,19
2023-10-19;24;16335;4037;0;1702;2023-10-20 00:00:00;340,98
2023-10-20;1;15186;3893;0;1565;2023-10-20 01:00:00;354,77
2023-10-20;2;14783;3888;0;1523;2023-10-20 02:00:00;313,88
2023-10-20;3;15115;3920;0;1520;2023-10-20 03:00:00;302,68
2023-10-20;4;15217;4257;0;1529;2023-10-20 04:00:00;297,73
2023-10-20;5;15594;4696;0;1565;2023-10-20 05:00:00;309,12
2023-10-20;6;16302;4366;0;1644;2023-10-20 06:00:00;359,05
2023-10-20;7;18368;4700;0;1842;2023-10-20 07:00:00;432,13
2023-10-20;8;19778;5195;32;1964;2023-10-20 08:00:00;464,05
2023-10-20;9;20430;5195;318;2040;2023-10-20 09:00:00;471,47
2023-10-20;10;20426;5333;841;2113;2023-10-20 10:00:00;447,91
2023-10-20;11;20233;5519;1250;2180;2023-10-20 11:00:00;433,01
2023-10-20;12;20828;5790;1129;2243;2023-10-20 12:00:00;430,07
2023-10-20;13;20952;5625;1157;2217;2023-10-20 13:00:00;419,29
2023-10-20;14;21019;5764;1000;2123;2023-10-20 14:00:00;383,92
2023-10-20;15;20758;6088;730;2085;2023-10-20 15:00:00;402,52
2023-10-20;16;20480;6464;473;2091;2023-10-20 16:00:00;405,69
2023-10-20;17;20398;6772;231;2082;2023-10-20 17:00:00;417,52
2023-10-20;18;20818;6897;22;2109;2023-10-20 18:00:00;423,79
2023-10-20;19;21757;6996;0;2181;2023-10-20 19:00:00;430,46
2023-10-20;20;21793;6853;0;2173;2023-10-20 20:00:00;435,72
2023-10-20;21;21003;6769;0;2090;2023-10-20 21:00:00;408,66
2023-10-20;22;19447;6632;0;1959;2023-10-20 22:00:00;359,24
2023-10-20;23;17489;6479;0;1776;2023-10-20 23:00:00;317,66
2023-10-20;24;16094;6050;0;1720;2023-10-21 00:00:00;235,06
2023-10-21;1;15105;5473;0;1566;2023-10-21 01:00:00;208,22
2023-10-21;2;14846;4886;0;1482;2023-10-21 02:00:00;196,85
2023-10-21;3;14387;4445;0;1436;2023-10-21 03:00:00;173,98
2023-10-21;4;14401;4106;0;1446;2023-10-21 04:00:00;185,71
2023-10-21;5;14294;3731;0;1438;2023-10-21 05:00:00;200,0
2023-10-21;6;14515;3295;0;1463;2023-10-21 06:00:00;228,44
2023-10-21;7;15119;2906;0;1529;2023-10-21 07:00:00;308,67
2023-10-21;8;15411;2570;125;1531;2023-10-21 08:00:00;421,78
2023-10-21;9;16263;2347;968;1626;2023-10-21 09:00:00;424,95
2023-10-21;10;17236;2096;1283;1802;2023-10-21 10:00:00;431,22
2023-10-21;11;17012;1766;1866;1803;2023-10-21 11:00:00;421,98
2023-10-21;12;16959;1581;2686;1848;2023-10-21 12:00:00;381,64
2023-10-21;13;16911;1358;3050;1841;2023-10-21 13:00:00;352,61
2023-10-21;14;16304;1239;3475;1795;2023-10-21 14:00:00;381,91
2023-10-21;15;16012;1127;3737;1769;2023-10-21 15:00:00;430,95
2023-10-21;16;15607;998;3174;1670;2023-10-21 16:00:00;443,18
2023-10-21;17;16310;954;1714;1609;2023-10-21 17:00:00;465,55
2023-10-21;18;17285;1036;223;1586;2023-10-21 18:00:00;526,94
2023-10-21;19;18137;1249;0;1742;2023-10-21 19:00:00;574,49
2023-10-21;20;18178;1352;0;1714;2023-10-21 20:00:00;556,06
2023-10-21;21;17585;1225;0;1609;2023-10-21 21:00:00;517,7
2023-10-21;22;16535;1452;0;1533;2023-10-21 22:00:00;462,81
2023-10-21;23;15290;1592;0;1420;2023-10-21 23:00:00;432,64
2023-10-21;24;14307;1228;0;1357;2023-10-22 00:00:00;425,04
2023-10-22;1;13548;1198;0;1254;2023-10-22 01:00:00;426,33
2023-10-22;2;12577;1378;0;1232;2023-10-22 02:00:00;426,27
2023-10-22;3;12541;1228;0;1281;2023-10-22 03:00:00;433,91
2023-10-22;4;12597;1214;0;1285;2023-10-22 04:00:00;433,97
2023-10-22;5;12810;1067;0;1307;2023-10-22 05:00:00;434,04
2023-10-22;6;12852;976;0;1312;2023-10-22 06:00:00;436,82
2023-10-22;7;13145;1233;0;1348;2023-10-22 07:00:00;442,45
2023-10-22;8;13845;1280;39;1346;2023-10-22 08:00:00;431,21
2023-10-22;9;14198;1276;285;1375;2023-10-22 09:00:00;426,36
2023-10-22;10;14927;1307;639;1415;2023-10-22 10:00:00;413,3
2023-10-22;11;15589;1276;1006;1483;2023-10-22 11:00:00;399,74
2023-10-22;12;15529;1135;1278;1475;2023-10-22 12:00:00;324,43
2023-10-22;13;15124;1037;1505;1446;2023-10-22 13:00:00;335,68
2023-10-22;14;15303;1110;1359;1458;2023-10-22 14:00:00;334,76
2023-10-22;15;15421;1267;1033;1451;2023-10-22 15:00:00;335,15
2023-10-22;16;15487;1438;731;1464;2023-10-22 16:00:00;343,61
2023-10-22;17;15559;1576;347;1471;2023-10-22 17:00:00;410,88
2023-10-22;18;15979;1773;35;1660;2023-10-22 18:00:00;474,92
2023-10-22;19;16625;1954;0;1739;2023-10-22 19:00:00;552,89
2023-10-22;20;16955;2352;0;1795;2023-10-22 20:00:00;572,33
2023-10-22;21;16647;2558;0;1748;2023-10-22 21:00:00;552,14
2023-10-22;22;15850;2707;0;1669;2023-10-22 22:00:00;506,07
2023-10-22;23;15037;2825;0;1673;2023-10-22 23:00:00;461,94
2023-10-22;24;14277;2790;0;1570;2023-10-23 00:00:00;438,48
2023-10-23;1;13813;2486;0;1558;2023-10-23 01:00:00;413,89
2023-10-23;2;13554;2400;0;1604;2023-10-23 02:00:00;424,95
2023-10-23;3;13414;2224;0;1622;2023-10-23 03:00:00;430,15
2023-10-23;4;13567;2043;0;1606;2023-10-23 04:00:00;425,96
2023-10-23;5;13909;1737;0;1626;2023-10-23 05:00:00;435,54
2023-10-23;6;14963;1681;0;1689;2023-10-23 06:00:00;463,25
2023-10-23;7;17006;1700;0;1792;2023-10-23 07:00:00;638,2
2023-10-23;8;19243;2016;171;1946;2023-10-23 08:00:00;706,27
2023-10-23;9;19632;1860;1298;2029;2023-10-23 09:00:00;720,29
2023-10-23;10;19261;1470;2298;2026;2023-10-23 10:00:00;690,15
2023-10-23;11;18243;552;3489;2026;2023-10-23 11:00:00;609,43
2023-10-23;12;17674;620;4985;2067;2023-10-23 12:00:00;527,99
2023-10-23;13;17258;875;6219;2099;2023-10-23 13:00:00;497,63
2023-10-23;14;17675;967;5464;2113;2023-10-23 14:00:00;487,89
2023-10-23;15;17867;888;4466;2081;2023-10-23 15:00:00;509,39
2023-10-23;16;18421;727;3360;2032;2023-10-23 16:00:00;572,63
2023-10-23;17;19223;528;1752;1983;2023-10-23 17:00:00;662,79
2023-10-23;18;20322;398;188;2000;2023-10-23 18:00:00;767,91
2023-10-23;19;21106;416;0;2063;2023-10-23 19:00:00;833,98
2023-10-23;20;21128;380;0;2066;2023-10-23 20:00:00;834,97
2023-10-23;21;20476;380;0;1944;2023-10-23 21:00:00;756,31
2023-10-23;22;18986;344;0;1830;2023-10-23 22:00:00;630,54
2023-10-23;23;17404;368;0;1693;2023-10-23 23:00:00;558,97
2023-10-23;24;16277;449;0;1607;2023-10-24 00:00:00;473,27
2023-10-24;1;15523;514;0;1535;2023-10-24 01:00:00;473,97
2023-10-24;2;15115;544;0;1478;2023-10-24 02:00:00;470,93
2023-10-24;3;15132;594;0;1514;2023-10-24 03:00:00;455,3
2023-10-24;4;15255;726;0;1545;2023-10-24 04:00:00;455,3
2023-10-24;5;15605;913;0;1551;2023-10-24 05:00:00;450,88
2023-10-24;6;16254;1116;0;1614;2023-10-24 06:00:00;470,89
2023-10-24;7;18156;1303;0;1842;2023-10-24 07:00:00;643,8
2023-10-24;8;19758;1554;160;1984;2023-10-24 08:00:00;704,33
2023-10-24;9;20014;1858;1099;2008;2023-10-24 09:00:00;690,52
2023-10-24;10;19128;2170;2346;2007;2023-10-24 10:00:00;641,38
2023-10-24;11;18180;1725;3661;2052;2023-10-24 11:00:00;571,19
2023-10-24;12;17332;1380;5269;2075;2023-10-24 12:00:00;547,43
2023-10-24;13;16690;1296;6388;2088;2023-10-24 13:00:00;522,7
2023-10-24;14;17476;1430;4918;2038;2023-10-24 14:00:00;515,6
2023-10-24;15;18002;1540;3689;2033;2023-10-24 15:00:00;518,04
2023-10-24;16;19270;1733;2111;2042;2023-10-24 16:00:00;601,17
2023-10-24;17;20272;2062;600;2033;2023-10-24 17:00:00;647,32
2023-10-24;18;20331;2948;30;1986;2023-10-24 18:00:00;698,61
2023-10-24;19;21168;3835;0;2084;2023-10-24 19:00:00;709,67
2023-10-24;20;21293;4129;0;2095;2023-10-24 20:00:00;691,52
2023-10-24;21;20578;4190;0;1982;2023-10-24 21:00:00;638,93
2023-10-24;22;19133;4147;0;1896;2023-10-24 22:00:00;543,93
2023-10-24;23;17651;3935;0;1764;2023-10-24 23:00:00;506,95
2023-10-24;24;16855;3669;0;1707;2023-10-25 00:00:00;459,59
